{
	"name": "opd20",
	"title": "BKG's One Piece D20",
	"description": "A Foundry VTT System for BadKarmaGames' One Piece D20",
	"version": "0.1",
	"minimumCoreVersion": "9",
	"compatibleCoreVersion": "9.280",
	"author": "Sylphir-",
	"scripts": [],
	"esmodules": [],
	"styles": [
		"css/system-styles.css"
	],
	"languages": [
		{
			"lang": "en",
			"name": "English",
			"path": "lang/en.json"
		}
	],
	"socket": false,
	"initiative": "1d20",
	"gridDistance": 5,
	"gridUnits": "ft",
	"primaryTokenAttribute": "data.hp",
	"url": "https://github.com/Sylphir-/opd20",
	"manifest": "https://raw.githubusercontent.com/Sylphir-/opd20/main/system.json",
	"download": "https://github.com/Sylphir-/opd20/raw/main/archive.zip"
}