{
	"id": "opd20",
	"title": "BKG's One Piece D20",
	"description": "A Foundry VTT System for BadKarmaGames' One Piece D20",
	"version": "0.1",
	"minimumCoreVersion": "9.245",
	"compatibleCoreVersion": "9",
	"author": "Sylphir-",
	/*"authors": [
		{
			"name": "Sylphir-",
			"url": "https://github.com/Sylphir-/",
			"email": "rodrigo.capociama@gmail.com",
			"discord": "Ins4n1ty_#1276"
		}
	],*/
	"scripts": [],
	"esmodules": [],
	"styles": [
		{
			"name": "items",
			"label": "Items",
			"path": "pack/items.db",
			"type": "Item"
		}
	],
	/*"languages": [
		{
			"lang": "en",
			"name": "English",
			"path": "lang/en.json"
		}
	],*/
	"socket": false,
	"initiative": "1d20",
	"gridDistance": 5,
	"gridUnits": "ft",
	"primaryTokenAttribute": "data.hp",
	"url": "https://github.com/Sylphir-/opd20",
	"manifest": "https://github.com/Sylphir-/opd20/blob/main/system.json",
	"download": "https://github.com/Sylphir-/opd20/blob/main/archive.zip"
}